id,target
boostcamp-sts-v1-test-000,3.6312294162142793
boostcamp-sts-v1-test-001,4.472332755043498
boostcamp-sts-v1-test-002,1.7112296656009274
boostcamp-sts-v1-test-003,0.052497918747894
boostcamp-sts-v1-test-004,3.7
boostcamp-sts-v1-test-005,3.0099667994624957
boostcamp-sts-v1-test-006,4.009966799462495
boostcamp-sts-v1-test-007,1.7
boostcamp-sts-v1-test-008,0.3873937837354772
boostcamp-sts-v1-test-009,4.972332755043498
boostcamp-sts-v1-test-010,1.75197958490209
boostcamp-sts-v1-test-011,2.872332755043498
boostcamp-sts-v1-test-012,3.0723327550434973
boostcamp-sts-v1-test-013,2.4723327550434977
boostcamp-sts-v1-test-014,1.5
boostcamp-sts-v1-test-015,4.5
boostcamp-sts-v1-test-016,5.252497918747894
boostcamp-sts-v1-test-017,2.852497918747894
boostcamp-sts-v1-test-018,5.3
boostcamp-sts-v1-test-019,4.709966799462496
boostcamp-sts-v1-test-020,3.172332755043498
boostcamp-sts-v1-test-021,2.652497918747894
boostcamp-sts-v1-test-022,1.8099667994624955
boostcamp-sts-v1-test-023,0.6524979187478939
boostcamp-sts-v1-test-024,1.7723327550434975
boostcamp-sts-v1-test-025,2.172332755043498
boostcamp-sts-v1-test-026,1.3099667994624955
boostcamp-sts-v1-test-027,1.152497918747894
boostcamp-sts-v1-test-028,4.0524979187478944
boostcamp-sts-v1-test-029,2.5099667994624957
boostcamp-sts-v1-test-030,4.887393783735478
boostcamp-sts-v1-test-031,1.1099667994624955
boostcamp-sts-v1-test-032,2.5099667994624957
boostcamp-sts-v1-test-033,3.131058578630005
boostcamp-sts-v1-test-034,2.9099667994624956
boostcamp-sts-v1-test-035,1.0394750640449808
boostcamp-sts-v1-test-036,3.6222297401988213
boostcamp-sts-v1-test-037,1.131058578630005
boostcamp-sts-v1-test-038,1.7112296656009274
boostcamp-sts-v1-test-039,3.3099667994624955
boostcamp-sts-v1-test-040,0.4723327550434977
boostcamp-sts-v1-test-041,4.109966799462496
boostcamp-sts-v1-test-042,0.3723327550434977
boostcamp-sts-v1-test-043,1.8112296656009272
boostcamp-sts-v1-test-044,2.8112296656009277
boostcamp-sts-v1-test-045,5.3
boostcamp-sts-v1-test-046,2.2723327550434975
boostcamp-sts-v1-test-047,1.9873937837354771
boostcamp-sts-v1-test-048,0.3099667994624956
boostcamp-sts-v1-test-049,3.872332755043498
boostcamp-sts-v1-test-050,0.1099667994624956
boostcamp-sts-v1-test-051,1.7723327550434975
boostcamp-sts-v1-test-052,3.0099667994624957
boostcamp-sts-v1-test-053,3.2394750640449805
boostcamp-sts-v1-test-054,4.3
boostcamp-sts-v1-test-055,1.8112296656009272
boostcamp-sts-v1-test-056,3.852497918747894
boostcamp-sts-v1-test-057,1.5
boostcamp-sts-v1-test-058,1.8723327550434978
boostcamp-sts-v1-test-059,3.852497918747894
boostcamp-sts-v1-test-060,4.252497918747894
boostcamp-sts-v1-test-061,4.009966799462495
boostcamp-sts-v1-test-062,1.6099667994624953
boostcamp-sts-v1-test-063,1.639475064044981
boostcamp-sts-v1-test-064,2.0394750640449812
boostcamp-sts-v1-test-065,4.072332755043497
boostcamp-sts-v1-test-066,3.5099667994624957
boostcamp-sts-v1-test-067,0.6524979187478939
boostcamp-sts-v1-test-068,2.8112296656009277
boostcamp-sts-v1-test-069,3.2099667994624954
boostcamp-sts-v1-test-070,0.352497918747894
boostcamp-sts-v1-test-071,3.2099667994624954
boostcamp-sts-v1-test-072,4.987393783735477
boostcamp-sts-v1-test-073,4.752497918747894
boostcamp-sts-v1-test-074,0.27233275504349774
boostcamp-sts-v1-test-075,1.8099667994624955
boostcamp-sts-v1-test-076,3.1
boostcamp-sts-v1-test-077,2.672332755043498
boostcamp-sts-v1-test-078,2.4394750640449807
boostcamp-sts-v1-test-079,3.952497918747894
boostcamp-sts-v1-test-080,1.4394750640449812
boostcamp-sts-v1-test-081,3.652497918747894
boostcamp-sts-v1-test-082,1.5723327550434978
boostcamp-sts-v1-test-083,2.1310585786300047
boostcamp-sts-v1-test-084,1.1
boostcamp-sts-v1-test-085,5.1
boostcamp-sts-v1-test-086,3.852497918747894
boostcamp-sts-v1-test-087,1.3873937837354773
boostcamp-sts-v1-test-088,4.239475064044981
boostcamp-sts-v1-test-089,4.172332755043497
boostcamp-sts-v1-test-090,5.087393783735478
boostcamp-sts-v1-test-091,2.3723327550434976
boostcamp-sts-v1-test-092,0.8112296656009274
boostcamp-sts-v1-test-093,2.452497918747894
boostcamp-sts-v1-test-094,4.852497918747894
boostcamp-sts-v1-test-095,2.011229665600928
boostcamp-sts-v1-test-096,3.122229740198821
boostcamp-sts-v1-test-097,3.6
boostcamp-sts-v1-test-098,0.3394750640449808
boostcamp-sts-v1-test-099,3.8873937837354773
boostcamp-sts-v1-test-100,1.552497918747894
boostcamp-sts-v1-test-101,5.252497918747894
boostcamp-sts-v1-test-102,5.009966799462495
boostcamp-sts-v1-test-103,3.652497918747894
boostcamp-sts-v1-test-104,4.552497918747894
boostcamp-sts-v1-test-105,0.6524979187478939
boostcamp-sts-v1-test-106,3.7873937837354767
boostcamp-sts-v1-test-107,3.8099667994624955
boostcamp-sts-v1-test-108,2.872332755043498
boostcamp-sts-v1-test-109,3.7394750640449805
boostcamp-sts-v1-test-110,3.352497918747894
boostcamp-sts-v1-test-111,0.3723327550434977
boostcamp-sts-v1-test-112,0.052497918747894
boostcamp-sts-v1-test-113,3.372332755043498
boostcamp-sts-v1-test-114,1.7723327550434975
boostcamp-sts-v1-test-115,2.6099667994624958
boostcamp-sts-v1-test-116,0.4
boostcamp-sts-v1-test-117,5.3
boostcamp-sts-v1-test-118,3.0112296656009274
boostcamp-sts-v1-test-119,3.7524979187478937
boostcamp-sts-v1-test-120,4.252497918747894
boostcamp-sts-v1-test-121,3.5904171896658306
boostcamp-sts-v1-test-122,2.3099667994624955
boostcamp-sts-v1-test-123,3.652497918747894
boostcamp-sts-v1-test-124,3.3099667994624955
boostcamp-sts-v1-test-125,1.5873937837354772
boostcamp-sts-v1-test-126,4.009966799462495
boostcamp-sts-v1-test-127,5.209966799462496
boostcamp-sts-v1-test-128,3.9677314405177166
boostcamp-sts-v1-test-129,5.152497918747894
boostcamp-sts-v1-test-130,3.0723327550434973
boostcamp-sts-v1-test-131,4.172332755043497
boostcamp-sts-v1-test-132,4.8099667994624955
boostcamp-sts-v1-test-133,2.7252861161546296
boostcamp-sts-v1-test-134,5.3
boostcamp-sts-v1-test-135,3.9099667994624956
boostcamp-sts-v1-test-136,1.1723327550434979
boostcamp-sts-v1-test-137,3.839475064044981
boostcamp-sts-v1-test-138,2.4
boostcamp-sts-v1-test-139,2.652497918747894
boostcamp-sts-v1-test-140,4.4
boostcamp-sts-v1-test-141,1.052497918747894
boostcamp-sts-v1-test-142,3.1099667994624958
boostcamp-sts-v1-test-143,4.9
boostcamp-sts-v1-test-144,1.0099667994624957
boostcamp-sts-v1-test-145,0.4099667994624956
boostcamp-sts-v1-test-146,0.9524979187478939
boostcamp-sts-v1-test-147,0.7
boostcamp-sts-v1-test-148,0.8723327550434977
boostcamp-sts-v1-test-149,4.2723327550434975
boostcamp-sts-v1-test-150,2.4252861161546297
boostcamp-sts-v1-test-151,5.109966799462496
boostcamp-sts-v1-test-152,2.3112296656009272
boostcamp-sts-v1-test-153,2.6
boostcamp-sts-v1-test-154,1.0723327550434978
boostcamp-sts-v1-test-155,2.331058578630005
boostcamp-sts-v1-test-156,4.987393783735477
boostcamp-sts-v1-test-157,5.3
boostcamp-sts-v1-test-158,4.872332755043498
boostcamp-sts-v1-test-159,1.6519795849020902
boostcamp-sts-v1-test-160,4.409966799462495
boostcamp-sts-v1-test-161,0.552497918747894
boostcamp-sts-v1-test-162,3.5
boostcamp-sts-v1-test-163,1.7723327550434975
boostcamp-sts-v1-test-164,3.3873937837354773
boostcamp-sts-v1-test-165,5.072332755043497
boostcamp-sts-v1-test-166,0.9112296656009276
boostcamp-sts-v1-test-167,4.209966799462496
boostcamp-sts-v1-test-168,0.6099667994624955
boostcamp-sts-v1-test-169,4.4
boostcamp-sts-v1-test-170,3.4723327550434977
boostcamp-sts-v1-test-171,3.0112296656009274
boostcamp-sts-v1-test-172,4.939475064044981
boostcamp-sts-v1-test-173,1.35197958490209
boostcamp-sts-v1-test-174,4.4
boostcamp-sts-v1-test-175,1.9112296656009273
boostcamp-sts-v1-test-176,0.052497918747894
boostcamp-sts-v1-test-177,5.3
boostcamp-sts-v1-test-178,1.6723327550434979
boostcamp-sts-v1-test-179,4.15197958490209
boostcamp-sts-v1-test-180,3.172332755043498
boostcamp-sts-v1-test-181,3.0677314405177163
boostcamp-sts-v1-test-182,2.652497918747894
boostcamp-sts-v1-test-183,1.052497918747894
boostcamp-sts-v1-test-184,2.867731440517716
boostcamp-sts-v1-test-185,4.367731440517716
boostcamp-sts-v1-test-186,3.5112296656009274
boostcamp-sts-v1-test-187,3.7524979187478937
boostcamp-sts-v1-test-188,0.052497918747894
boostcamp-sts-v1-test-189,3.6112296656009275
boostcamp-sts-v1-test-190,2.3
boostcamp-sts-v1-test-191,1.2
boostcamp-sts-v1-test-192,1.7723327550434975
boostcamp-sts-v1-test-193,2.2112296656009276
boostcamp-sts-v1-test-194,1.8
boostcamp-sts-v1-test-195,1.9099667994624956
boostcamp-sts-v1-test-196,1.5723327550434978
boostcamp-sts-v1-test-197,4.1873937837354775
boostcamp-sts-v1-test-198,4.0524979187478944
boostcamp-sts-v1-test-199,0.6394750640449809
boostcamp-sts-v1-test-200,3.2524979187478937
boostcamp-sts-v1-test-201,4.15197958490209
boostcamp-sts-v1-test-202,4.909966799462495
boostcamp-sts-v1-test-203,0.3
boostcamp-sts-v1-test-204,2.2
boostcamp-sts-v1-test-205,2.352497918747894
boostcamp-sts-v1-test-206,1.7723327550434975
boostcamp-sts-v1-test-207,1.9112296656009273
boostcamp-sts-v1-test-208,1.0099667994624957
boostcamp-sts-v1-test-209,3.572332755043498
boostcamp-sts-v1-test-210,1.639475064044981
boostcamp-sts-v1-test-211,2.9099667994624956
boostcamp-sts-v1-test-212,1.1677314405177164
boostcamp-sts-v1-test-213,1.2099667994624956
boostcamp-sts-v1-test-214,4.209966799462496
boostcamp-sts-v1-test-215,3.9677314405177166
boostcamp-sts-v1-test-216,3.652497918747894
boostcamp-sts-v1-test-217,2.0677314405177163
boostcamp-sts-v1-test-218,1.752497918747894
boostcamp-sts-v1-test-219,0.152497918747894
boostcamp-sts-v1-test-220,4.009966799462495
boostcamp-sts-v1-test-221,3.6723327550434974
boostcamp-sts-v1-test-222,4.072332755043497
boostcamp-sts-v1-test-223,3.2873937837354767
boostcamp-sts-v1-test-224,4.872332755043498
boostcamp-sts-v1-test-225,4.009966799462495
boostcamp-sts-v1-test-226,4.152497918747894
boostcamp-sts-v1-test-227,3.572332755043498
boostcamp-sts-v1-test-228,3.152497918747894
boostcamp-sts-v1-test-229,0.46773144051771626
boostcamp-sts-v1-test-230,1.4394750640449812
boostcamp-sts-v1-test-231,1.2
boostcamp-sts-v1-test-232,3.709966799462495
boostcamp-sts-v1-test-233,1.5394750640449808
boostcamp-sts-v1-test-234,0.052497918747894
boostcamp-sts-v1-test-235,3.6519795849020906
boostcamp-sts-v1-test-236,2.2394750640449805
boostcamp-sts-v1-test-237,2.2394750640449805
boostcamp-sts-v1-test-238,2.0394750640449812
boostcamp-sts-v1-test-239,2.1394750640449804
boostcamp-sts-v1-test-240,1.3394750640449808
boostcamp-sts-v1-test-241,1.152497918747894
boostcamp-sts-v1-test-242,0.3099667994624956
boostcamp-sts-v1-test-243,4.8099667994624955
boostcamp-sts-v1-test-244,1.9677314405177166
boostcamp-sts-v1-test-245,4.452497918747895
boostcamp-sts-v1-test-246,3.4099667994624956
boostcamp-sts-v1-test-247,4.172332755043497
boostcamp-sts-v1-test-248,4.552497918747894
boostcamp-sts-v1-test-249,4.352497918747894
boostcamp-sts-v1-test-250,0.4
boostcamp-sts-v1-test-251,1.6112296656009275
boostcamp-sts-v1-test-252,0.1
boostcamp-sts-v1-test-253,3.7112296656009276
boostcamp-sts-v1-test-254,2.952497918747894
boostcamp-sts-v1-test-255,5.209966799462496
boostcamp-sts-v1-test-256,3.5112296656009274
boostcamp-sts-v1-test-257,1.9222297401988215
boostcamp-sts-v1-test-258,4.7112296656009285
boostcamp-sts-v1-test-259,3.4099667994624956
boostcamp-sts-v1-test-260,5.0519795849020905
boostcamp-sts-v1-test-261,4.709966799462496
boostcamp-sts-v1-test-262,4.4
boostcamp-sts-v1-test-263,4.6
boostcamp-sts-v1-test-264,4.609966799462496
boostcamp-sts-v1-test-265,3.839475064044981
boostcamp-sts-v1-test-266,4.509966799462496
boostcamp-sts-v1-test-267,2.6873937837354767
boostcamp-sts-v1-test-268,0.9677314405177164
boostcamp-sts-v1-test-269,0.152497918747894
boostcamp-sts-v1-test-270,4.509966799462496
boostcamp-sts-v1-test-271,1.7099667994624954
boostcamp-sts-v1-test-272,2.552497918747894
boostcamp-sts-v1-test-273,5.152497918747894
boostcamp-sts-v1-test-274,4.109966799462496
boostcamp-sts-v1-test-275,5.009966799462495
boostcamp-sts-v1-test-276,2.1677314405177164
boostcamp-sts-v1-test-277,1.9112296656009273
boostcamp-sts-v1-test-278,2.639475064044981
boostcamp-sts-v1-test-279,5.172332755043498
boostcamp-sts-v1-test-280,0.9873937837354771
boostcamp-sts-v1-test-281,3.952497918747894
boostcamp-sts-v1-test-282,4.4
boostcamp-sts-v1-test-283,0.27233275504349774
boostcamp-sts-v1-test-284,3.9394750640449807
boostcamp-sts-v1-test-285,1.9099667994624956
boostcamp-sts-v1-test-286,1.1723327550434979
boostcamp-sts-v1-test-287,4.172332755043497
boostcamp-sts-v1-test-288,0.052497918747894
boostcamp-sts-v1-test-289,0.1
boostcamp-sts-v1-test-290,1.139475064044981
boostcamp-sts-v1-test-291,0.3099667994624956
boostcamp-sts-v1-test-292,3.952497918747894
boostcamp-sts-v1-test-293,2.931058578630005
boostcamp-sts-v1-test-294,2.721585477955326
boostcamp-sts-v1-test-295,3.3099667994624955
boostcamp-sts-v1-test-296,3.2723327550434975
boostcamp-sts-v1-test-297,0.0
boostcamp-sts-v1-test-298,5.3
boostcamp-sts-v1-test-299,0.7723327550434977
boostcamp-sts-v1-test-300,5.3
boostcamp-sts-v1-test-301,2.987393783735477
boostcamp-sts-v1-test-302,1.252497918747894
boostcamp-sts-v1-test-303,3.1112296656009275
boostcamp-sts-v1-test-304,3.4398545523625037
boostcamp-sts-v1-test-305,2.0
boostcamp-sts-v1-test-306,2.5873937837354775
boostcamp-sts-v1-test-307,5.111229665600927
boostcamp-sts-v1-test-308,0.9524979187478939
boostcamp-sts-v1-test-309,1.1099667994624955
boostcamp-sts-v1-test-310,4.2
boostcamp-sts-v1-test-311,2.4099667994624956
boostcamp-sts-v1-test-312,0.4099667994624956
boostcamp-sts-v1-test-313,5.252497918747894
boostcamp-sts-v1-test-314,2.9112296656009278
boostcamp-sts-v1-test-315,3.1
boostcamp-sts-v1-test-316,4.2723327550434975
boostcamp-sts-v1-test-317,1.3099667994624955
boostcamp-sts-v1-test-318,5.2
boostcamp-sts-v1-test-319,1.4
boostcamp-sts-v1-test-320,1.0252861161546296
boostcamp-sts-v1-test-321,0.5394750640449808
boostcamp-sts-v1-test-322,4.339475064044981
boostcamp-sts-v1-test-323,1.0723327550434978
boostcamp-sts-v1-test-324,0.9112296656009276
boostcamp-sts-v1-test-325,5.109966799462496
boostcamp-sts-v1-test-326,4.3
boostcamp-sts-v1-test-327,1.9
boostcamp-sts-v1-test-328,2.9112296656009278
boostcamp-sts-v1-test-329,0.7873937837354772
boostcamp-sts-v1-test-330,1.35197958490209
boostcamp-sts-v1-test-331,4.252497918747894
boostcamp-sts-v1-test-332,4.109966799462496
boostcamp-sts-v1-test-333,5.209966799462496
boostcamp-sts-v1-test-334,1.8524979187478938
boostcamp-sts-v1-test-335,4.0524979187478944
boostcamp-sts-v1-test-336,3.952497918747894
boostcamp-sts-v1-test-337,1.6099667994624953
boostcamp-sts-v1-test-338,5.052497918747894
boostcamp-sts-v1-test-339,1.9398545523625037
boostcamp-sts-v1-test-340,2.111229665600927
boostcamp-sts-v1-test-341,5.252497918747894
boostcamp-sts-v1-test-342,2.967731440517716
boostcamp-sts-v1-test-343,2.7615941559557644
boostcamp-sts-v1-test-344,5.109966799462496
boostcamp-sts-v1-test-345,3.8
boostcamp-sts-v1-test-346,2.1
boostcamp-sts-v1-test-347,3.172332755043498
boostcamp-sts-v1-test-348,2.9723327550434977
boostcamp-sts-v1-test-349,1.7
boostcamp-sts-v1-test-350,5.109966799462496
boostcamp-sts-v1-test-351,2.7099667994624954
boostcamp-sts-v1-test-352,2.639475064044981
boostcamp-sts-v1-test-353,0.552497918747894
boostcamp-sts-v1-test-354,0.052497918747894
boostcamp-sts-v1-test-355,2.5394750640449812
boostcamp-sts-v1-test-356,3.852497918747894
boostcamp-sts-v1-test-357,1.0099667994624957
boostcamp-sts-v1-test-358,2.787393783735477
boostcamp-sts-v1-test-359,4.152497918747894
boostcamp-sts-v1-test-360,4.139475064044981
boostcamp-sts-v1-test-361,1.3524979187478938
boostcamp-sts-v1-test-362,3.152497918747894
boostcamp-sts-v1-test-363,0.052497918747894
boostcamp-sts-v1-test-364,3.4099667994624956
boostcamp-sts-v1-test-365,5.352497918747894
boostcamp-sts-v1-test-366,2.3677314405177166
boostcamp-sts-v1-test-367,0.9723327550434978
boostcamp-sts-v1-test-368,0.1
boostcamp-sts-v1-test-369,0.4394750640449808
boostcamp-sts-v1-test-370,1.7
boostcamp-sts-v1-test-371,4.572332755043497
boostcamp-sts-v1-test-372,3.7723327550434975
boostcamp-sts-v1-test-373,0.1099667994624956
boostcamp-sts-v1-test-374,1.0099667994624957
boostcamp-sts-v1-test-375,4.509966799462496
boostcamp-sts-v1-test-376,2.152497918747894
boostcamp-sts-v1-test-377,2.672332755043498
boostcamp-sts-v1-test-378,5.3
boostcamp-sts-v1-test-379,5.067731440517716
boostcamp-sts-v1-test-380,1.9873937837354771
boostcamp-sts-v1-test-381,0.4723327550434977
boostcamp-sts-v1-test-382,2.721585477955326
boostcamp-sts-v1-test-383,2.172332755043498
boostcamp-sts-v1-test-384,1.2398545523625033
boostcamp-sts-v1-test-385,1.9677314405177166
boostcamp-sts-v1-test-386,3.9
boostcamp-sts-v1-test-387,1.8873937837354773
boostcamp-sts-v1-test-388,1.2099667994624956
boostcamp-sts-v1-test-389,2.2112296656009276
boostcamp-sts-v1-test-390,4.311229665600927
boostcamp-sts-v1-test-391,1.972332755043498
boostcamp-sts-v1-test-392,1.052497918747894
boostcamp-sts-v1-test-393,5.209966799462496
boostcamp-sts-v1-test-394,4.2
boostcamp-sts-v1-test-395,3.9099667994624956
boostcamp-sts-v1-test-396,0.6524979187478939
boostcamp-sts-v1-test-397,4.0524979187478944
boostcamp-sts-v1-test-398,1.8112296656009272
boostcamp-sts-v1-test-399,0.6394750640449809
boostcamp-sts-v1-test-400,2.5099667994624957
boostcamp-sts-v1-test-401,1.8394750640449808
boostcamp-sts-v1-test-402,1.8112296656009272
boostcamp-sts-v1-test-403,5.209966799462496
boostcamp-sts-v1-test-404,5.152497918747894
boostcamp-sts-v1-test-405,1.0677314405177163
boostcamp-sts-v1-test-406,4.209966799462496
boostcamp-sts-v1-test-407,1.6099667994624953
boostcamp-sts-v1-test-408,3.9723327550434973
boostcamp-sts-v1-test-409,5.152497918747894
boostcamp-sts-v1-test-410,3.0394750640449812
boostcamp-sts-v1-test-411,1.952497918747894
boostcamp-sts-v1-test-412,0.552497918747894
boostcamp-sts-v1-test-413,4.3099667994624955
boostcamp-sts-v1-test-414,3.709966799462495
boostcamp-sts-v1-test-415,0.8873937837354773
boostcamp-sts-v1-test-416,3.3112296656009272
boostcamp-sts-v1-test-417,3.2524979187478937
boostcamp-sts-v1-test-418,4.987393783735477
boostcamp-sts-v1-test-419,2.4394750640449807
boostcamp-sts-v1-test-420,4.252497918747894
boostcamp-sts-v1-test-421,3.6112296656009275
boostcamp-sts-v1-test-422,4.0524979187478944
boostcamp-sts-v1-test-423,4.3099667994624955
boostcamp-sts-v1-test-424,2.5112296656009274
boostcamp-sts-v1-test-425,1.6723327550434979
boostcamp-sts-v1-test-426,2.187393783735477
boostcamp-sts-v1-test-427,5.252497918747894
boostcamp-sts-v1-test-428,3.9723327550434973
boostcamp-sts-v1-test-429,3.6099667994624953
boostcamp-sts-v1-test-430,0.9398545523625035
boostcamp-sts-v1-test-431,1.552497918747894
boostcamp-sts-v1-test-432,2.172332755043498
boostcamp-sts-v1-test-433,1.752497918747894
boostcamp-sts-v1-test-434,0.152497918747894
boostcamp-sts-v1-test-435,2.4723327550434977
boostcamp-sts-v1-test-436,2.390417189665831
boostcamp-sts-v1-test-437,2.0099667994624957
boostcamp-sts-v1-test-438,2.4
boostcamp-sts-v1-test-439,3.5394750640449812
boostcamp-sts-v1-test-440,1.4398545523625035
boostcamp-sts-v1-test-441,2.7
boostcamp-sts-v1-test-442,3.8
boostcamp-sts-v1-test-443,2.6446680831791225
boostcamp-sts-v1-test-444,3.9112296656009273
boostcamp-sts-v1-test-445,1.431058578630005
boostcamp-sts-v1-test-446,3.839475064044981
boostcamp-sts-v1-test-447,1.3723327550434976
boostcamp-sts-v1-test-448,4.572332755043497
boostcamp-sts-v1-test-449,4.152497918747894
boostcamp-sts-v1-test-450,2.952497918747894
boostcamp-sts-v1-test-451,1.6723327550434979
boostcamp-sts-v1-test-452,3.6873937837354767
boostcamp-sts-v1-test-453,2.1394750640449804
boostcamp-sts-v1-test-454,2.5
boostcamp-sts-v1-test-455,1.7723327550434975
boostcamp-sts-v1-test-456,0.9873937837354771
boostcamp-sts-v1-test-457,2.5873937837354775
boostcamp-sts-v1-test-458,1.2677314405177162
boostcamp-sts-v1-test-459,3.0099667994624957
boostcamp-sts-v1-test-460,0.1
boostcamp-sts-v1-test-461,4.352497918747894
boostcamp-sts-v1-test-462,5.009966799462495
boostcamp-sts-v1-test-463,3.5
boostcamp-sts-v1-test-464,1.4
boostcamp-sts-v1-test-465,0.009966799462495589
boostcamp-sts-v1-test-466,2.1677314405177164
boostcamp-sts-v1-test-467,2.5099667994624957
boostcamp-sts-v1-test-468,2.9099667994624956
boostcamp-sts-v1-test-469,2.052497918747894
boostcamp-sts-v1-test-470,2.722229740198821
boostcamp-sts-v1-test-471,2.1099667994624958
boostcamp-sts-v1-test-472,4.409966799462495
boostcamp-sts-v1-test-473,4.452793898710303
boostcamp-sts-v1-test-474,3.052497918747894
boostcamp-sts-v1-test-475,0.052497918747894
boostcamp-sts-v1-test-476,4.152497918747894
boostcamp-sts-v1-test-477,2.352497918747894
boostcamp-sts-v1-test-478,2.572332755043498
boostcamp-sts-v1-test-479,2.4112296656009278
boostcamp-sts-v1-test-480,4.3
boostcamp-sts-v1-test-481,1.2723327550434975
boostcamp-sts-v1-test-482,5.252497918747894
boostcamp-sts-v1-test-483,5.209966799462496
boostcamp-sts-v1-test-484,2.652497918747894
boostcamp-sts-v1-test-485,3.2
boostcamp-sts-v1-test-486,1.7112296656009274
boostcamp-sts-v1-test-487,3.709966799462495
boostcamp-sts-v1-test-488,0.152497918747894
boostcamp-sts-v1-test-489,0.7099667994624956
boostcamp-sts-v1-test-490,4.109966799462496
boostcamp-sts-v1-test-491,2.6677314405177164
boostcamp-sts-v1-test-492,2.652497918747894
boostcamp-sts-v1-test-493,0.20996679946249558
boostcamp-sts-v1-test-494,4.1
boostcamp-sts-v1-test-495,0.052497918747894
boostcamp-sts-v1-test-496,5.209966799462496
boostcamp-sts-v1-test-497,5.3
boostcamp-sts-v1-test-498,3.839475064044981
boostcamp-sts-v1-test-499,2.8099667994624955
boostcamp-sts-v1-test-500,0.4394750640449808
boostcamp-sts-v1-test-501,5.109966799462496
boostcamp-sts-v1-test-502,4.209966799462496
boostcamp-sts-v1-test-503,2.9215854779553263
boostcamp-sts-v1-test-504,5.3
boostcamp-sts-v1-test-505,0.9099667994624956
boostcamp-sts-v1-test-506,0.4723327550434977
boostcamp-sts-v1-test-507,0.8524979187478939
boostcamp-sts-v1-test-508,0.052497918747894
boostcamp-sts-v1-test-509,4.109966799462496
boostcamp-sts-v1-test-510,2.087393783735477
boostcamp-sts-v1-test-511,1.2723327550434975
boostcamp-sts-v1-test-512,0.152497918747894
boostcamp-sts-v1-test-513,2.2394750640449805
boostcamp-sts-v1-test-514,1.4099667994624956
boostcamp-sts-v1-test-515,0.9
boostcamp-sts-v1-test-516,1.6519795849020902
boostcamp-sts-v1-test-517,2.072332755043498
boostcamp-sts-v1-test-518,5.209966799462496
boostcamp-sts-v1-test-519,0.6723327550434978
boostcamp-sts-v1-test-520,0.8099667994624956
boostcamp-sts-v1-test-521,2.6
boostcamp-sts-v1-test-522,1.9677314405177166
boostcamp-sts-v1-test-523,3.152497918747894
boostcamp-sts-v1-test-524,2.3398545523625036
boostcamp-sts-v1-test-525,3.2524979187478937
boostcamp-sts-v1-test-526,2.152497918747894
boostcamp-sts-v1-test-527,0.6112296656009273
boostcamp-sts-v1-test-528,1.6099667994624953
boostcamp-sts-v1-test-529,3.731058578630005
boostcamp-sts-v1-test-530,5.052497918747894
boostcamp-sts-v1-test-531,1.4099667994624956
boostcamp-sts-v1-test-532,0.052497918747894
boostcamp-sts-v1-test-533,1.2099667994624956
boostcamp-sts-v1-test-534,1.5723327550434978
boostcamp-sts-v1-test-535,4.752497918747894
boostcamp-sts-v1-test-536,4.452497918747895
boostcamp-sts-v1-test-537,4.2
boostcamp-sts-v1-test-538,1.8394750640449808
boostcamp-sts-v1-test-539,0.7310585786300049
boostcamp-sts-v1-test-540,1.1
boostcamp-sts-v1-test-541,4.709966799462496
boostcamp-sts-v1-test-542,3.0099667994624957
boostcamp-sts-v1-test-543,0.8394750640449808
boostcamp-sts-v1-test-544,1.4873937837354771
boostcamp-sts-v1-test-545,2.35197958490209
boostcamp-sts-v1-test-546,5.3
boostcamp-sts-v1-test-547,5.2
boostcamp-sts-v1-test-548,3.452497918747894
boostcamp-sts-v1-test-549,2.3112296656009272
boostcamp-sts-v1-test-550,1.0873937837354772
boostcamp-sts-v1-test-551,0.552497918747894
boostcamp-sts-v1-test-552,2.5873937837354775
boostcamp-sts-v1-test-553,3.2
boostcamp-sts-v1-test-554,4.739475064044981
boostcamp-sts-v1-test-555,4.109966799462496
boostcamp-sts-v1-test-556,1.631058578630005
boostcamp-sts-v1-test-557,1.7099667994624954
boostcamp-sts-v1-test-558,2.4
boostcamp-sts-v1-test-559,4.304250823123283
boostcamp-sts-v1-test-560,4.372332755043498
boostcamp-sts-v1-test-561,4.739475064044981
boostcamp-sts-v1-test-562,1.1112296656009275
boostcamp-sts-v1-test-563,2.4394750640449807
boostcamp-sts-v1-test-564,1.3677314405177163
boostcamp-sts-v1-test-565,3.952497918747894
boostcamp-sts-v1-test-566,3.552497918747894
boostcamp-sts-v1-test-567,4.039475064044981
boostcamp-sts-v1-test-568,4.0230574439820135
boostcamp-sts-v1-test-569,5.209966799462496
boostcamp-sts-v1-test-570,1.9099667994624956
boostcamp-sts-v1-test-571,2.4723327550434977
boostcamp-sts-v1-test-572,3.6222297401988213
boostcamp-sts-v1-test-573,2.5
boostcamp-sts-v1-test-574,2.2723327550434975
boostcamp-sts-v1-test-575,4.772332755043498
boostcamp-sts-v1-test-576,4.509966799462496
boostcamp-sts-v1-test-577,0.3
boostcamp-sts-v1-test-578,0.9723327550434978
boostcamp-sts-v1-test-579,2.8310585786300053
boostcamp-sts-v1-test-580,3.839475064044981
boostcamp-sts-v1-test-581,0.152497918747894
boostcamp-sts-v1-test-582,0.4
boostcamp-sts-v1-test-583,4.739475064044981
boostcamp-sts-v1-test-584,2.070896675489213
boostcamp-sts-v1-test-585,4.472332755043498
boostcamp-sts-v1-test-586,3.352497918747894
boostcamp-sts-v1-test-587,0.4394750640449808
boostcamp-sts-v1-test-588,4.839475064044981
boostcamp-sts-v1-test-589,0.8
boostcamp-sts-v1-test-590,3.1112296656009275
boostcamp-sts-v1-test-591,3.5099667994624957
boostcamp-sts-v1-test-592,2.467731440517716
boostcamp-sts-v1-test-593,4.172332755043497
boostcamp-sts-v1-test-594,4.039475064044981
boostcamp-sts-v1-test-595,0.3099667994624956
boostcamp-sts-v1-test-596,4.439475064044981
boostcamp-sts-v1-test-597,3.952497918747894
boostcamp-sts-v1-test-598,2.967731440517716
boostcamp-sts-v1-test-599,2.8
boostcamp-sts-v1-test-600,1.8394750640449808
boostcamp-sts-v1-test-601,4.466367509682632
boostcamp-sts-v1-test-602,5.022229740198822
boostcamp-sts-v1-test-603,3.0394750640449812
boostcamp-sts-v1-test-604,4.911229665600928
boostcamp-sts-v1-test-605,0.1099667994624956
boostcamp-sts-v1-test-606,2.7723327550434975
boostcamp-sts-v1-test-607,2.352497918747894
boostcamp-sts-v1-test-608,0.052497918747894
boostcamp-sts-v1-test-609,2.431058578630005
boostcamp-sts-v1-test-610,4.2
boostcamp-sts-v1-test-611,4.6
boostcamp-sts-v1-test-612,4.087393783735477
boostcamp-sts-v1-test-613,1.252497918747894
boostcamp-sts-v1-test-614,1.0723327550434978
boostcamp-sts-v1-test-615,3.8112296656009272
boostcamp-sts-v1-test-616,3.526361714290465
boostcamp-sts-v1-test-617,3.2099667994624954
boostcamp-sts-v1-test-618,3.652497918747894
boostcamp-sts-v1-test-619,1.452497918747894
boostcamp-sts-v1-test-620,1.5394750640449808
boostcamp-sts-v1-test-621,2.75197958490209
boostcamp-sts-v1-test-622,2.3
boostcamp-sts-v1-test-623,3.9099667994624956
boostcamp-sts-v1-test-624,4.372332755043498
boostcamp-sts-v1-test-625,0.352497918747894
boostcamp-sts-v1-test-626,4.139475064044981
boostcamp-sts-v1-test-627,5.252497918747894
boostcamp-sts-v1-test-628,3.1215854779553265
boostcamp-sts-v1-test-629,0.552497918747894
boostcamp-sts-v1-test-630,1.1112296656009275
boostcamp-sts-v1-test-631,2.011229665600928
boostcamp-sts-v1-test-632,1.0099667994624957
boostcamp-sts-v1-test-633,3.7
boostcamp-sts-v1-test-634,0.5
boostcamp-sts-v1-test-635,2.3723327550434976
boostcamp-sts-v1-test-636,2.6099667994624958
boostcamp-sts-v1-test-637,0.4873937837354772
boostcamp-sts-v1-test-638,3.872332755043498
boostcamp-sts-v1-test-639,4.609966799462496
boostcamp-sts-v1-test-640,2.4723327550434977
boostcamp-sts-v1-test-641,4.067731440517717
boostcamp-sts-v1-test-642,1.3215854779553264
boostcamp-sts-v1-test-643,3.1099667994624958
boostcamp-sts-v1-test-644,2.9394750640449807
boostcamp-sts-v1-test-645,1.3310585786300049
boostcamp-sts-v1-test-646,4.609966799462496
boostcamp-sts-v1-test-647,3.439475064044981
boostcamp-sts-v1-test-648,0.6723327550434978
boostcamp-sts-v1-test-649,2.152497918747894
boostcamp-sts-v1-test-650,4.152497918747894
boostcamp-sts-v1-test-651,2.087393783735477
boostcamp-sts-v1-test-652,4.172332755043497
boostcamp-sts-v1-test-653,0.7
boostcamp-sts-v1-test-654,2.6252861161546295
boostcamp-sts-v1-test-655,2.711229665600927
boostcamp-sts-v1-test-656,5.3
boostcamp-sts-v1-test-657,0.5099667994624956
boostcamp-sts-v1-test-658,1.952497918747894
boostcamp-sts-v1-test-659,5.009966799462495
boostcamp-sts-v1-test-660,4.3099667994624955
boostcamp-sts-v1-test-661,0.052497918747894
boostcamp-sts-v1-test-662,3.0723327550434973
boostcamp-sts-v1-test-663,3.8873937837354773
boostcamp-sts-v1-test-664,1.0112296656009274
boostcamp-sts-v1-test-665,2.15197958490209
boostcamp-sts-v1-test-666,1.3524979187478938
boostcamp-sts-v1-test-667,3.5099667994624957
boostcamp-sts-v1-test-668,2.2
boostcamp-sts-v1-test-669,4.731058578630005
boostcamp-sts-v1-test-670,2.452497918747894
boostcamp-sts-v1-test-671,3.9099667994624956
boostcamp-sts-v1-test-672,2.6099667994624958
boostcamp-sts-v1-test-673,4.939475064044981
boostcamp-sts-v1-test-674,1.6677314405177164
boostcamp-sts-v1-test-675,3.9099667994624956
boostcamp-sts-v1-test-676,2.787393783735477
boostcamp-sts-v1-test-677,2.0394750640449812
boostcamp-sts-v1-test-678,4.852497918747894
boostcamp-sts-v1-test-679,3.55197958490209
boostcamp-sts-v1-test-680,1.152497918747894
boostcamp-sts-v1-test-681,1.0723327550434978
boostcamp-sts-v1-test-682,1.972332755043498
boostcamp-sts-v1-test-683,3.7873937837354767
boostcamp-sts-v1-test-684,3.8
boostcamp-sts-v1-test-685,3.2524979187478937
boostcamp-sts-v1-test-686,4.772332755043498
boostcamp-sts-v1-test-687,4.172332755043497
boostcamp-sts-v1-test-688,4.872332755043498
boostcamp-sts-v1-test-689,1.5873937837354772
boostcamp-sts-v1-test-690,4.2723327550434975
boostcamp-sts-v1-test-691,4.0524979187478944
boostcamp-sts-v1-test-692,0.152497918747894
boostcamp-sts-v1-test-693,5.252497918747894
boostcamp-sts-v1-test-694,2.1394750640449804
boostcamp-sts-v1-test-695,4.009966799462495
boostcamp-sts-v1-test-696,2.9103545499468915
boostcamp-sts-v1-test-697,4.009966799462495
boostcamp-sts-v1-test-698,4.4
boostcamp-sts-v1-test-699,0.3099667994624956
boostcamp-sts-v1-test-700,5.3
boostcamp-sts-v1-test-701,0.152497918747894
boostcamp-sts-v1-test-702,2.787393783735477
boostcamp-sts-v1-test-703,1.9112296656009273
boostcamp-sts-v1-test-704,1.6222297401988208
boostcamp-sts-v1-test-705,3.439475064044981
boostcamp-sts-v1-test-706,2.9099667994624956
boostcamp-sts-v1-test-707,3.439475064044981
boostcamp-sts-v1-test-708,3.1099667994624958
boostcamp-sts-v1-test-709,4.539475064044981
boostcamp-sts-v1-test-710,0.6394750640449809
boostcamp-sts-v1-test-711,1.9099667994624956
boostcamp-sts-v1-test-712,5.3
boostcamp-sts-v1-test-713,3.1398545523625034
boostcamp-sts-v1-test-714,3.6099667994624953
boostcamp-sts-v1-test-715,0.052497918747894
boostcamp-sts-v1-test-716,3.2
boostcamp-sts-v1-test-717,5.072332755043497
boostcamp-sts-v1-test-718,4.172332755043497
boostcamp-sts-v1-test-719,4.739475064044981
boostcamp-sts-v1-test-720,4.439475064044981
boostcamp-sts-v1-test-721,5.252497918747894
boostcamp-sts-v1-test-722,0.1
boostcamp-sts-v1-test-723,0.052497918747894
boostcamp-sts-v1-test-724,0.45249791874789397
boostcamp-sts-v1-test-725,1.4394750640449812
boostcamp-sts-v1-test-726,1.5112296656009274
boostcamp-sts-v1-test-727,4.509966799462496
boostcamp-sts-v1-test-728,4.1
boostcamp-sts-v1-test-729,4.772332755043498
boostcamp-sts-v1-test-730,3.331058578630005
boostcamp-sts-v1-test-731,1.7112296656009274
boostcamp-sts-v1-test-732,2.467731440517716
boostcamp-sts-v1-test-733,3.9099667994624956
boostcamp-sts-v1-test-734,2.2112296656009276
boostcamp-sts-v1-test-735,4.352497918747894
boostcamp-sts-v1-test-736,2.152497918747894
boostcamp-sts-v1-test-737,4.3099667994624955
boostcamp-sts-v1-test-738,2.872332755043498
boostcamp-sts-v1-test-739,2.287393783735477
boostcamp-sts-v1-test-740,2.0394750640449812
boostcamp-sts-v1-test-741,1.6099667994624953
boostcamp-sts-v1-test-742,2.7723327550434975
boostcamp-sts-v1-test-743,5.172332755043498
boostcamp-sts-v1-test-744,3.5
boostcamp-sts-v1-test-745,4.039854552362503
boostcamp-sts-v1-test-746,3.9310585786300054
boostcamp-sts-v1-test-747,2.5099667994624957
boostcamp-sts-v1-test-748,4.0
boostcamp-sts-v1-test-749,1.5873937837354772
boostcamp-sts-v1-test-750,4.409966799462495
boostcamp-sts-v1-test-751,4.7112296656009285
boostcamp-sts-v1-test-752,0.0
boostcamp-sts-v1-test-753,1.8099667994624955
boostcamp-sts-v1-test-754,0.9398545523625035
boostcamp-sts-v1-test-755,2.887393783735477
boostcamp-sts-v1-test-756,3.9723327550434973
boostcamp-sts-v1-test-757,2.087393783735477
boostcamp-sts-v1-test-758,3.1398545523625034
boostcamp-sts-v1-test-759,0.8723327550434977
boostcamp-sts-v1-test-760,4.152497918747894
boostcamp-sts-v1-test-761,1.3723327550434976
boostcamp-sts-v1-test-762,4.139475064044981
boostcamp-sts-v1-test-763,5.152497918747894
boostcamp-sts-v1-test-764,3.9
boostcamp-sts-v1-test-765,1.022229740198821
boostcamp-sts-v1-test-766,2.122229740198821
boostcamp-sts-v1-test-767,3.6398545523625034
boostcamp-sts-v1-test-768,5.3
boostcamp-sts-v1-test-769,2.3723327550434976
boostcamp-sts-v1-test-770,4.972332755043498
boostcamp-sts-v1-test-771,3.122229740198821
boostcamp-sts-v1-test-772,0.3099667994624956
boostcamp-sts-v1-test-773,2.172332755043498
boostcamp-sts-v1-test-774,0.20996679946249558
boostcamp-sts-v1-test-775,3.6099667994624953
boostcamp-sts-v1-test-776,4.3099667994624955
boostcamp-sts-v1-test-777,3.4723327550434977
boostcamp-sts-v1-test-778,2.7394750640449805
boostcamp-sts-v1-test-779,0.9524979187478939
boostcamp-sts-v1-test-780,1.1677314405177164
boostcamp-sts-v1-test-781,3.139475064044981
boostcamp-sts-v1-test-782,1.7112296656009274
boostcamp-sts-v1-test-783,4.3099667994624955
boostcamp-sts-v1-test-784,4.8099667994624955
boostcamp-sts-v1-test-785,2.7723327550434975
boostcamp-sts-v1-test-786,2.3723327550434976
boostcamp-sts-v1-test-787,4.009966799462495
boostcamp-sts-v1-test-788,1.3112296656009275
boostcamp-sts-v1-test-789,0.45249791874789397
boostcamp-sts-v1-test-790,2.1398545523625034
boostcamp-sts-v1-test-791,2.2394750640449805
boostcamp-sts-v1-test-792,2.6
boostcamp-sts-v1-test-793,0.8394750640449808
boostcamp-sts-v1-test-794,2.452497918747894
boostcamp-sts-v1-test-795,5.252497918747894
boostcamp-sts-v1-test-796,3.2524979187478937
boostcamp-sts-v1-test-797,3.4
boostcamp-sts-v1-test-798,0.6394750640449809
boostcamp-sts-v1-test-799,3.0099667994624957
boostcamp-sts-v1-test-800,0.4112296656009273
boostcamp-sts-v1-test-801,2.3677314405177166
boostcamp-sts-v1-test-802,3.372332755043498
boostcamp-sts-v1-test-803,2.1394750640449804
boostcamp-sts-v1-test-804,2.5099667994624957
boostcamp-sts-v1-test-805,0.45249791874789397
boostcamp-sts-v1-test-806,1.131058578630005
boostcamp-sts-v1-test-807,2.7
boostcamp-sts-v1-test-808,3.7112296656009276
boostcamp-sts-v1-test-809,3.5112296656009274
boostcamp-sts-v1-test-810,4.0524979187478944
boostcamp-sts-v1-test-811,4.1
boostcamp-sts-v1-test-812,2.65197958490209
boostcamp-sts-v1-test-813,3.872332755043498
boostcamp-sts-v1-test-814,1.752497918747894
boostcamp-sts-v1-test-815,1.3099667994624955
boostcamp-sts-v1-test-816,2.172332755043498
boostcamp-sts-v1-test-817,3.0723327550434973
boostcamp-sts-v1-test-818,4.209966799462496
boostcamp-sts-v1-test-819,4.252497918747894
boostcamp-sts-v1-test-820,1.7723327550434975
boostcamp-sts-v1-test-821,1.5394750640449808
boostcamp-sts-v1-test-822,1.3873937837354773
boostcamp-sts-v1-test-823,3.8112296656009272
boostcamp-sts-v1-test-824,0.25249791874789396
boostcamp-sts-v1-test-825,1.1112296656009275
boostcamp-sts-v1-test-826,4.152497918747894
boostcamp-sts-v1-test-827,5.252497918747894
boostcamp-sts-v1-test-828,2.6310585786300047
boostcamp-sts-v1-test-829,3.3
boostcamp-sts-v1-test-830,1.952497918747894
boostcamp-sts-v1-test-831,1.0
boostcamp-sts-v1-test-832,3.452497918747894
boostcamp-sts-v1-test-833,1.2099667994624956
boostcamp-sts-v1-test-834,2.7524979187478937
boostcamp-sts-v1-test-835,2.787393783735477
boostcamp-sts-v1-test-836,4.652497918747894
boostcamp-sts-v1-test-837,3.9394750640449807
boostcamp-sts-v1-test-838,3.8
boostcamp-sts-v1-test-839,0.6099667994624955
boostcamp-sts-v1-test-840,1.2394750640449808
boostcamp-sts-v1-test-841,4.4
boostcamp-sts-v1-test-842,4.031058578630005
boostcamp-sts-v1-test-843,4.539475064044981
boostcamp-sts-v1-test-844,0.9112296656009276
boostcamp-sts-v1-test-845,3.5099667994624957
boostcamp-sts-v1-test-846,5.252497918747894
boostcamp-sts-v1-test-847,4.2
boostcamp-sts-v1-test-848,4.3099667994624955
boostcamp-sts-v1-test-849,1.3
boostcamp-sts-v1-test-850,2.0
boostcamp-sts-v1-test-851,1.7
boostcamp-sts-v1-test-852,4.152497918747894
boostcamp-sts-v1-test-853,1.2
boostcamp-sts-v1-test-854,4.039475064044981
boostcamp-sts-v1-test-855,4.172332755043497
boostcamp-sts-v1-test-856,2.9398545523625033
boostcamp-sts-v1-test-857,1.0394750640449808
boostcamp-sts-v1-test-858,1.5112296656009274
boostcamp-sts-v1-test-859,0.9
boostcamp-sts-v1-test-860,5.3
boostcamp-sts-v1-test-861,1.3524979187478938
boostcamp-sts-v1-test-862,3.323057443982014
boostcamp-sts-v1-test-863,4.609966799462496
boostcamp-sts-v1-test-864,5.111229665600927
boostcamp-sts-v1-test-865,3.5099667994624957
boostcamp-sts-v1-test-866,1.4112296656009273
boostcamp-sts-v1-test-867,0.052497918747894
boostcamp-sts-v1-test-868,3.2112296656009276
boostcamp-sts-v1-test-869,0.9677314405177164
boostcamp-sts-v1-test-870,4.439475064044981
boostcamp-sts-v1-test-871,3.0099667994624957
boostcamp-sts-v1-test-872,1.0723327550434978
boostcamp-sts-v1-test-873,3.3099667994624955
boostcamp-sts-v1-test-874,2.6677314405177164
boostcamp-sts-v1-test-875,1.4099667994624956
boostcamp-sts-v1-test-876,5.252497918747894
boostcamp-sts-v1-test-877,0.9723327550434978
boostcamp-sts-v1-test-878,3.709966799462495
boostcamp-sts-v1-test-879,1.9873937837354771
boostcamp-sts-v1-test-880,4.409966799462495
boostcamp-sts-v1-test-881,4.4
boostcamp-sts-v1-test-882,3.172332755043498
boostcamp-sts-v1-test-883,4.172332755043497
boostcamp-sts-v1-test-884,4.0524979187478944
boostcamp-sts-v1-test-885,4.3099667994624955
boostcamp-sts-v1-test-886,2.7
boostcamp-sts-v1-test-887,4.009966799462495
boostcamp-sts-v1-test-888,2.672332755043498
boostcamp-sts-v1-test-889,5.139475064044981
boostcamp-sts-v1-test-890,4.009966799462495
boostcamp-sts-v1-test-891,2.6099667994624958
boostcamp-sts-v1-test-892,2.3112296656009272
boostcamp-sts-v1-test-893,4.3099667994624955
boostcamp-sts-v1-test-894,1.3252861161546297
boostcamp-sts-v1-test-895,4.109966799462496
boostcamp-sts-v1-test-896,2.7
boostcamp-sts-v1-test-897,1.8099667994624955
boostcamp-sts-v1-test-898,0.052497918747894
boostcamp-sts-v1-test-899,3.9099667994624956
boostcamp-sts-v1-test-900,0.8524979187478939
boostcamp-sts-v1-test-901,1.4723327550434977
boostcamp-sts-v1-test-902,1.3394750640449808
boostcamp-sts-v1-test-903,3.6112296656009275
boostcamp-sts-v1-test-904,1.7112296656009274
boostcamp-sts-v1-test-905,2.9099667994624956
boostcamp-sts-v1-test-906,3.8677314405177157
boostcamp-sts-v1-test-907,1.1
boostcamp-sts-v1-test-908,0.5873937837354772
boostcamp-sts-v1-test-909,4.109966799462496
boostcamp-sts-v1-test-910,4.3
boostcamp-sts-v1-test-911,0.6723327550434978
boostcamp-sts-v1-test-912,2.467731440517716
boostcamp-sts-v1-test-913,3.552497918747894
boostcamp-sts-v1-test-914,1.2394750640449808
boostcamp-sts-v1-test-915,3.2524979187478937
boostcamp-sts-v1-test-916,2.9
boostcamp-sts-v1-test-917,4.539475064044981
boostcamp-sts-v1-test-918,5.1
boostcamp-sts-v1-test-919,4.439475064044981
boostcamp-sts-v1-test-920,3.5310585786300046
boostcamp-sts-v1-test-921,3.767731440517716
boostcamp-sts-v1-test-922,3.6
boostcamp-sts-v1-test-923,5.3
boostcamp-sts-v1-test-924,5.3
boostcamp-sts-v1-test-925,0.27233275504349774
boostcamp-sts-v1-test-926,1.5394750640449808
boostcamp-sts-v1-test-927,5.3
boostcamp-sts-v1-test-928,5.209966799462496
boostcamp-sts-v1-test-929,4.352497918747894
boostcamp-sts-v1-test-930,5.252497918747894
boostcamp-sts-v1-test-931,3.339475064044981
boostcamp-sts-v1-test-932,1.5
boostcamp-sts-v1-test-933,1.6524979187478939
boostcamp-sts-v1-test-934,4.109966799462496
boostcamp-sts-v1-test-935,0.052497918747894
boostcamp-sts-v1-test-936,3.0398545523625033
boostcamp-sts-v1-test-937,4.352497918747894
boostcamp-sts-v1-test-938,1.5723327550434978
boostcamp-sts-v1-test-939,4.139475064044981
boostcamp-sts-v1-test-940,4.911229665600928
boostcamp-sts-v1-test-941,4.552497918747894
boostcamp-sts-v1-test-942,3.9099667994624956
boostcamp-sts-v1-test-943,2.2519795849020903
boostcamp-sts-v1-test-944,3.5
boostcamp-sts-v1-test-945,-0.047502081252106004
boostcamp-sts-v1-test-946,1.1398545523625034
boostcamp-sts-v1-test-947,2.4099667994624956
boostcamp-sts-v1-test-948,5.139475064044981
boostcamp-sts-v1-test-949,3.4723327550434977
boostcamp-sts-v1-test-950,3.572332755043498
boostcamp-sts-v1-test-951,3.709966799462495
boostcamp-sts-v1-test-952,0.7394750640449809
boostcamp-sts-v1-test-953,4.5
boostcamp-sts-v1-test-954,3.952497918747894
boostcamp-sts-v1-test-955,4.6
boostcamp-sts-v1-test-956,2.072332755043498
boostcamp-sts-v1-test-957,2.852497918747894
boostcamp-sts-v1-test-958,2.952497918747894
boostcamp-sts-v1-test-959,2.3677314405177166
boostcamp-sts-v1-test-960,4.372332755043498
boostcamp-sts-v1-test-961,3.652497918747894
boostcamp-sts-v1-test-962,3.4112296656009278
boostcamp-sts-v1-test-963,5.2
boostcamp-sts-v1-test-964,4.372332755043498
boostcamp-sts-v1-test-965,3.2394750640449805
boostcamp-sts-v1-test-966,1.2723327550434975
boostcamp-sts-v1-test-967,3.8099667994624955
boostcamp-sts-v1-test-968,3.8398545523625036
boostcamp-sts-v1-test-969,0.352497918747894
boostcamp-sts-v1-test-970,2.152497918747894
boostcamp-sts-v1-test-971,1.639475064044981
boostcamp-sts-v1-test-972,1.7099667994624954
boostcamp-sts-v1-test-973,3.352497918747894
boostcamp-sts-v1-test-974,3.4099667994624956
boostcamp-sts-v1-test-975,1.8524979187478938
boostcamp-sts-v1-test-976,2.172332755043498
boostcamp-sts-v1-test-977,3.439475064044981
boostcamp-sts-v1-test-978,3.4873937837354774
boostcamp-sts-v1-test-979,3.952497918747894
boostcamp-sts-v1-test-980,1.9398545523625037
boostcamp-sts-v1-test-981,3.7394750640449805
boostcamp-sts-v1-test-982,4.209966799462496
boostcamp-sts-v1-test-983,1.752497918747894
boostcamp-sts-v1-test-984,4.4
boostcamp-sts-v1-test-985,1.152497918747894
boostcamp-sts-v1-test-986,1.452497918747894
boostcamp-sts-v1-test-987,3.8099667994624955
boostcamp-sts-v1-test-988,5.3
boostcamp-sts-v1-test-989,3.35197958490209
boostcamp-sts-v1-test-990,2.452497918747894
boostcamp-sts-v1-test-991,4.8099667994624955
boostcamp-sts-v1-test-992,4.452497918747895
boostcamp-sts-v1-test-993,1.4723327550434977
boostcamp-sts-v1-test-994,1.5263617142904655
boostcamp-sts-v1-test-995,1.3723327550434976
boostcamp-sts-v1-test-996,3.1
boostcamp-sts-v1-test-997,3.9
boostcamp-sts-v1-test-998,3.4112296656009278
boostcamp-sts-v1-test-999,3.4873937837354774
boostcamp-sts-v1-test-1000,4.472332755043498
boostcamp-sts-v1-test-1001,4.3099667994624955
boostcamp-sts-v1-test-1002,1.2394750640449808
boostcamp-sts-v1-test-1003,3.7252861161546296
boostcamp-sts-v1-test-1004,4.952497918747895
boostcamp-sts-v1-test-1005,3.339475064044981
boostcamp-sts-v1-test-1006,4.239475064044981
boostcamp-sts-v1-test-1007,0.052497918747894
boostcamp-sts-v1-test-1008,3.2398545523625035
boostcamp-sts-v1-test-1009,0.8723327550434977
boostcamp-sts-v1-test-1010,0.27233275504349774
boostcamp-sts-v1-test-1011,5.1
boostcamp-sts-v1-test-1012,1.5723327550434978
boostcamp-sts-v1-test-1013,3.0873937837354775
boostcamp-sts-v1-test-1014,3.852497918747894
boostcamp-sts-v1-test-1015,3.439475064044981
boostcamp-sts-v1-test-1016,3.9
boostcamp-sts-v1-test-1017,4.409966799462495
boostcamp-sts-v1-test-1018,0.9099667994624956
boostcamp-sts-v1-test-1019,3.2
boostcamp-sts-v1-test-1020,3.5394750640449812
boostcamp-sts-v1-test-1021,1.3723327550434976
boostcamp-sts-v1-test-1022,1.1
boostcamp-sts-v1-test-1023,3.952497918747894
boostcamp-sts-v1-test-1024,4.211229665600928
boostcamp-sts-v1-test-1025,4.109966799462496
boostcamp-sts-v1-test-1026,1.6099667994624953
boostcamp-sts-v1-test-1027,4.439475064044981
boostcamp-sts-v1-test-1028,1.8723327550434978
boostcamp-sts-v1-test-1029,5.172332755043498
boostcamp-sts-v1-test-1030,1.0723327550434978
boostcamp-sts-v1-test-1031,5.252497918747894
boostcamp-sts-v1-test-1032,1.639475064044981
boostcamp-sts-v1-test-1033,5.3
boostcamp-sts-v1-test-1034,3.9112296656009273
boostcamp-sts-v1-test-1035,1.8524979187478938
boostcamp-sts-v1-test-1036,1.952497918747894
boostcamp-sts-v1-test-1037,0.9524979187478939
boostcamp-sts-v1-test-1038,2.6099667994624958
boostcamp-sts-v1-test-1039,5.052497918747894
boostcamp-sts-v1-test-1040,3.8
boostcamp-sts-v1-test-1041,0.6099667994624955
boostcamp-sts-v1-test-1042,3.452497918747894
boostcamp-sts-v1-test-1043,3.8
boostcamp-sts-v1-test-1044,3.0112296656009274
boostcamp-sts-v1-test-1045,4.452497918747895
boostcamp-sts-v1-test-1046,4.509966799462496
boostcamp-sts-v1-test-1047,3.7
boostcamp-sts-v1-test-1048,1.3677314405177163
boostcamp-sts-v1-test-1049,0.8099667994624956
boostcamp-sts-v1-test-1050,5.009966799462495
boostcamp-sts-v1-test-1051,4.572332755043497
boostcamp-sts-v1-test-1052,1.6677314405177164
boostcamp-sts-v1-test-1053,0.1099667994624956
boostcamp-sts-v1-test-1054,1.2723327550434975
boostcamp-sts-v1-test-1055,4.3099667994624955
boostcamp-sts-v1-test-1056,4.652497918747894
boostcamp-sts-v1-test-1057,1.0
boostcamp-sts-v1-test-1058,0.8524979187478939
boostcamp-sts-v1-test-1059,4.352497918747894
boostcamp-sts-v1-test-1060,4.93740904935799
boostcamp-sts-v1-test-1061,2.1099667994624958
boostcamp-sts-v1-test-1062,5.3
boostcamp-sts-v1-test-1063,3.7723327550434975
boostcamp-sts-v1-test-1064,1.0099667994624957
boostcamp-sts-v1-test-1065,1.1723327550434979
boostcamp-sts-v1-test-1066,2.4099667994624956
boostcamp-sts-v1-test-1067,4.539475064044981
boostcamp-sts-v1-test-1068,3.8
boostcamp-sts-v1-test-1069,2.3
boostcamp-sts-v1-test-1070,4.409966799462495
boostcamp-sts-v1-test-1071,0.352497918747894
boostcamp-sts-v1-test-1072,5.3
boostcamp-sts-v1-test-1073,1.7677314405177165
boostcamp-sts-v1-test-1074,3.7394750640449805
boostcamp-sts-v1-test-1075,2.087393783735477
boostcamp-sts-v1-test-1076,3.7394750640449805
boostcamp-sts-v1-test-1077,0.052497918747894
boostcamp-sts-v1-test-1078,4.252497918747894
boostcamp-sts-v1-test-1079,3.1
boostcamp-sts-v1-test-1080,4.139475064044981
boostcamp-sts-v1-test-1081,3.767731440517716
boostcamp-sts-v1-test-1082,3.9099667994624956
boostcamp-sts-v1-test-1083,1.5099667994624957
boostcamp-sts-v1-test-1084,1.3524979187478938
boostcamp-sts-v1-test-1085,2.4252861161546297
boostcamp-sts-v1-test-1086,1.4394750640449812
boostcamp-sts-v1-test-1087,3.767731440517716
boostcamp-sts-v1-test-1088,3.2519795849020903
boostcamp-sts-v1-test-1089,1.0723327550434978
boostcamp-sts-v1-test-1090,0.052497918747894
boostcamp-sts-v1-test-1091,5.009966799462495
boostcamp-sts-v1-test-1092,2.639475064044981
boostcamp-sts-v1-test-1093,4.409966799462495
boostcamp-sts-v1-test-1094,4.652497918747894
boostcamp-sts-v1-test-1095,1.6723327550434979
boostcamp-sts-v1-test-1096,4.3
boostcamp-sts-v1-test-1097,4.152497918747894
boostcamp-sts-v1-test-1098,3.9112296656009273
boostcamp-sts-v1-test-1099,5.139475064044981
